20170001,Lady Bird delivers fresh insights about the turmoil of adolescence -- and reveals writer-director Greta Gerwig as a fully formed filmmaking talent.
20170002,"Funny, scary, and thought-provoking, Get Out seamlessly weaves its trenchant social critiques into a brilliantly effective and entertaining horror/comedy thrill ride."
20170003,"Thrilling, earnest, and buoyed by Gal Gadot's charismatic performance, Wonder Woman succeeds in spectacular fashion."
20170004,"Dunkirk serves up emotionally satisfying spectacle, delivered by a writer-director in full command of his craft and brought to life by a gifted ensemble cast that honors the fact-based story."
20170005,"Coco's rich visual pleasures are matched by a thoughtful narrative that takes a family-friendly -- and deeply affecting -- approach to questions of culture, family, life, and death."
20170006,The Shape of Water finds Guillermo del Toro at his visually distinctive best -- and matched by an emotionally absorbing story brought to life by a stellar Sally Hawkins performance.
20170007,"Exciting, funny, and above all fun, Thor: Ragnarok is a colorful cosmic adventure that sets a new standard for its franchise -- and the rest of the Marvel Cinematic Universe."
20170008,"Hugh Jackman makes the most of his final outing as Wolverine with a gritty, nuanced performance in a violent but surprisingly thoughtful superhero action film that defies genre conventions."
20170009,"Funny, heartfelt, and intelligent, The Big Sick uses its appealing leads and cross-cultural themes to prove the standard romcom formula still has some fresh angles left to explore."
20170010,Star Wars: The Last Jedi honors the saga's rich legacy while adding some surprising twists -- and delivering all the emotion-rich action fans could hope for.
20170011,"Stylish, exciting, and fueled by a killer soundtrack, Baby Driver hits the road and it's gone -- proving fast-paced action movies can be smartly written without sacrificing thrills."
20170012,"War for the Planet of the Apes combines breathtaking special effects and a powerful, poignant narrative to conclude this rebooted trilogy on a powerful -- and truly blockbuster -- note."
20170013,The Florida Project offers a colorfully empathetic look at an underrepresented part of the population that proves absorbing even as it raises sobering questions about modern America.
20170014,"Spider-Man: Homecoming does whatever a second reboot can, delivering a colorful, fun adventure that fits snugly in the sprawling MCU without getting bogged down in franchise-building."
20170015,I Am Not Your Negro offers an incendiary snapshot of James Baldwin's crucial observations on American race relations -- and a sobering reminder of how far we've yet to go.
20170016,"Three Billboards Outside Ebbing, Missouri deftly balances black comedy against searing drama -- and draws unforgettable performances from its veteran cast along the way."
20170017,"In heartwarming, crowd-pleasing fashion, Hidden Figures celebrates overlooked -- and crucial -- contributions from a pivotal moment in American history."
20170018,"Visually stunning and narratively satisfying, Blade Runner 2049 deepens and expands its predecessor's story while standing as an impressive filmmaking achievement in its own right."
20170019,"Oh, hai Mark. The Disaster Artist is a surprisingly poignant and charming movie-about-a-movie that explores the creative process with unexpected delicacy."
20170020,"Mudbound offers a well-acted, finely detailed snapshot of American history whose scenes of rural class struggle resonate far beyond their period setting."
20170021,"Equal parts breezily charming and poignantly powerful, Faces Places is a unique cross-generational portrait of life in rural France from the great Agnès Varda."
20170022,My Life as a Zucchini's silly title and adorable characters belie a sober story whose colorful visuals delight the senses even as it braves dark emotional depths.
20170023,"The Salesman takes an ambitiously complex look at thought-provoking themes, and the well-acted results prove another consistently absorbing entry in writer-director Asghar Farhadi's distinguished filmography."
20170024,"High-octane fun that's smartly assembled without putting on airs, Logan Lucky marks a welcome end to Steven Soderbergh's retirement -- and proves he hasn't lost his ability to entertain."
20170025,The Lego Batman Movie continues its block-buster franchise's winning streak with another round of dizzyingly funny -- and beautifully animated -- family-friendly mayhem.
20170026,"Moving without resorting to melodrama, BPM offers an engrossing look at a pivotal period in history that lingers long after the closing credits roll."
20170027,"A quiet, moving rumination on loneliness and newfound intimacy, God's Own Country marks an outstanding directorial debut for Francis Lee."
20170028,"Kedi is a cat fancier's dream, but this thoughtful, beautifully filmed look at Istanbul's street feline population offers absorbing viewing for filmgoers of any purr-suasion."
20170029,"Lucky is a bittersweet meditation on mortality, punctuating the career of beloved character actor Harry Dean Stanton."
20170030,"Guardians of the Galaxy Vol. 2's action-packed plot, dazzling visuals, and irreverent humor add up to a sequel that's almost as fun -- if not quite as thrillingly fresh -- as its predecessor."
20170031,"A Ghost Story deftly manages its ambitious themes through an inventive, artful, and ultimately poignant exploration of love and loss."
20170032,"As beautifully animated as it is emotionally satisfying, Your Name adds another outstanding chapter to writer-director Makoto Shinkai's filmography."
20170033,"Jane honors its subject's legacy with an absorbing, beautifully filmed, and overall enlightening look at her decades of invaluable work."
20170034,"A visual treat filled out by consistently stellar work from Robert Pattinson, Good Time is a singularly distinctive crime drama offering far more than the usual genre thrills."
20170035,"City of Ghosts takes a hard-hitting, ground-level look at atrocities in a part of the world that may seem foreign to many viewers, but whose impact will be no less devastating."
20170036,"Wonderfully acted and artfully composed, Columbus balances the clean lines of architecture against the messiness of love, with tenderly moving results."
20170037,Dawson City: Frozen Time takes a patient look at the past through long-lost film footage that reveals much more than glimpses at life through the camera's lens.
20170038,"Bright Lights: Starring Carrie Fisher and Debbie Reynolds is a touching, bittersweet, and ultimately charming love story that serves as a poignantly effective tribute to the strangely complicated, uniquely resilient mother/daughter duo."
20170039,"The Work takes a gut-wrenching look at lives all too often written off as lost causes, persuasively arguing that growth and change can be waiting where we least expect it."
20170040,"Well-written, well-acted, and patiently crafted, Truman takes an affecting look at a long friendship separated by distance but undimmed by time."
20170041,Strong Island uses one family's heartbreaking tragedy to offer a sobering picture of racial injustice in modern America.
20170042,"After the Storm crosses cultural lines to offer timeless observations about parental responsibilities, personal bonds, and the capacity for forgiveness."
20170043,"Well-acted and fiendishly frightening with an emotionally affecting story at its core, It amplifies the horror in Stephen King's classic story without losing touch with its heart."
20170044,"Whose Streets? takes a close-up look at the civil unrest that erupted after a shocking act of violence in Ferguson, Missouri - and the decades of simmering tension leading up to it."
20170045,"John Wick: Chapter 2 does what a sequel should -- which in this case means doubling down on the non-stop, thrillingly choreographed action that made its predecessor so much fun."
20170046,Menashe offers an intriguing look at a culture whose unfamiliarity to many viewers will be rendered irrelevant by the story's universally affecting themes and thoughtful approach.
20170047,Graduation marks yet another well-written and powerfully acted look at morality and societal decay from writer-director Cristian Mungiu.
20170048,"Simultaneously sweeping and intimate, Quest uses one family's experiences to offer thoughtful, wide-ranging observations about modern American life."
20170049,Step tells an irresistibly crowd-pleasing story in a thoroughly absorbing way -- and while smartly incorporating a variety of timely themes.
20170050,"Dina presents a clear-eyed and uncommonly detailed view of one couple's relationship, offering insights as broadly illuminating as they are compassionate."
20170051,"Raw's lurid violence and sexuality live up to its title, but they're anchored with an immersive atmosphere and deep symbolism that linger long after the provocative visuals fade."
20170052,The Red Turtle adds to Studio Ghibli's estimable legacy with a beautifully animated effort whose deceptively simple story boasts narrative layers as richly absorbing as its lovely visuals.
20170053,"In This Corner of the World offers a unique ground-level perspective on an oft-dramatized period in history, further distinguished by beautiful hand-drawn animation."
20170054,The Meyerowitz Stories (New and Selected) observes the family dynamic through writer-director Noah Baumbach's bittersweet lens and the impressive efforts of a remarkable cast.
20170055,"I, Daniel Blake marks yet another well-told chapter in director Ken Loach's powerfully populist filmography."
20170056,Ex Libris: The New York Public Library adds another remarkable chapter to documentarian Frederick Wiseman's career-long quest for observational excellence.
20170057,"Inspiring and tragic, Bombshell is a bittersweet celebration and reclamation of Hedy Lemarr's journey from Hollywood legend to technology genius."
20170058,"The Last Laugh takes a fresh -- and unexpectedly funny -- approach to sensitive subject matter, uncovering affecting insights about the nature of comedy along the way."
20170059,"1945 sifts through the aftermath of the Holocaust to offer a sober, well-crafted look at a variety of weighty themes."
20170060,"Compelling and corrective, Dolores unearths overlooked history to spotlight one of activism's most powerful -- and often forgotten -- voices, Dolores Huerta."
20170061,"A Quiet Passion offers a finely detailed portrait of a life whose placid passage may not have been inherently cinematic, but is made more affecting by Cynthia Nixon's strong performance."
20170062,No consensus yet.
20170063,"Thelma plays with genre tropes in unexpected ways, delivering a thoughtfully twisty supernatural thriller with a lingering impact."
20170064,The B-Side: Elsa Dorfman's Portrait Photography offers an intriguing glimpse at a distinctive artist's work that's as warmly engaging as its subject.
20170065,The Breadwinner's stunning visuals are matched by a story that dares to confront sobering real-life issues with uncommon -- and richly rewarding -- honesty.
20170066,"The Happiest Day in the Life of Olli Mäki sidesteps sports biopic clichés with a beautifully filmed, well-acted look at the balance between career fulfillment and personal happiness."
20170067,"Wind River lures viewers into a character-driven mystery with smart writing, a strong cast, and a skillfully rendered setting that delivers the bitter chill promised by its title."
20170068,"Battle of the Sexes turns real-life events into a crowd-pleasing, well-acted dramedy that ably entertains while smartly serving up a volley of present-day parallels."
20170069,Stronger rises on the power of its well-chosen ensemble to offer an emotionally resonant fact-based story that transcends inspirational drama clichés.
20170070,Girls Trip is the rare R-rated comedy that pushes boundaries to truly comedic effect -- and anchors its laughs in compelling characters brought to life by a brilliantly assembled cast.
20170071,I Called Him Morgan doubles as a seductive tribute to its subject's jazz passion as well as an absorbing look at a fatally doomed relationship.
20170072,It Comes at Night makes lethally effective use of its bare-bones trappings while proving once again that what's left unseen can be just as horrifying as anything on the screen.
20170073,"Trophy offers a thought-provoking look at big-game hunting that should challenge, trouble, and enrage viewers regardless of their personal perspective."
20170074,"With rich characters and a thoughtful approach to timely themes, The Women's Balcony tackles complicated subjects with intelligence, compassion, and wit."
20170075,"Félicité depicts a culture and a setting unfamiliar to many viewers, but its themes - and Véro Tshanda Beya Mputu's performance - transcend borders."
20170076,20th Century Women offers Annette Bening a too-rare opportunity to shine in a leading role -- and marks another assured step forward for writer-director Mike Mills.
20170077,The Survivalist's deliberate pace pays gripping dividends with a tautly told post-apocalyptic drama that offers some uniquely thought-provoking twists.
20170078,American Made's fast-and-loose attitude with its real-life story mirrors the cavalier -- and delightfully watchable -- energy Tom Cruise gives off in the leading role.
20170079,"Darkest Hour is held together by Gary Oldman's electrifying performance, which brings Winston Churchill to life even when the movie's narrative falters."
20170080,A Monster Calls deftly balances dark themes and fantastical elements to deliver an engrossing and uncommonly moving entry in the crowded coming-of-age genre.
20170081,"The Lost City of Z's stately pace and visual grandeur hearken back to classic exploration epics, and Charlie Hunnam turns in a masterful performance as its complex protagonist."
20170082,Citizen Jane: Battle for the City offers a compelling overview of an influential activist's importance -- and underscores why the spirit of her work remains crucial today.
20170083,"Carried along by a winning performance from Gemma Arterton, Their Finest smoothly combines comedy and wartime drama to crowd-pleasing effect."
20170084,Frantz finds writer-director François Ozon thoughtfully probing the aftermath of World War I through the memories and relationships of loved ones left behind.
20170085,"Lady Macbeth flashes some surprising toughness beneath its period exterior, bolstered by a mesmerizing -- and unforgiving -- central performance by Florence Pugh."
20170086,Detroit delivers a gut-wrenching -- and essential -- dramatization of a tragic chapter from America's past that draws distressing parallels to the present.
20170087,"From its confrontational title to its striking cinematography, this raw cinematic gem uncompromisingly proves writer/director/actor Justin Chon is a filmmaker to watch."
20170088,Okja sees Bong Joon-ho continuing to create defiantly eclectic entertainment -- and still hitting more than enough of his narrative targets in the midst of a tricky tonal juggling act.
20170089,"Epic in scope yet clear-eyed and intimate, Human Flow offers a singularly expansive -- and sobering -- perspective on the global refugee crisis."
20170090,Abacus: Small Enough to Jail transcends its less-than-dramatic trappings to present a gripping real-life legal thriller with far-reaching implications.
20170091,Jim & Andy: The Great Beyond offers a fascinating behind-the-scenes glimpse of method acting in action -- and one star's journey toward something like personal acceptance.
20170092,"Icarus is eye-opening viewing for professional sports enthusiasts, yet it should also prove thoroughly gripping even for filmgoers who might not necessarily be drawn to the subject."
20170093,All This Panic offers an unvarnished look at the lives of young American women whose less compelling moments are more than balanced out by documentarian Jenny Gage's empathetic approach.
20170094,Maudie's talented cast -- particularly Sally Hawkins in the title role -- breathe much-needed depth into a story that only skims the surface of a fascinating life and talent.
20170095,Land of Mine uses an oft-forgotten chapter from the aftermath of World War II to tell a hard-hitting story whose period setting belies its timeless observations about bloodshed and forgiveness.
20170096,"Writer-director Aki Kaurismäki further sharpens his craft with The Other Side of Hope, offering a timely drama whose melancholy air is leavened by its empathy."
20170097,"Endless Poetry extends writer-director Alejandro Jodorowsky's singular filmography with another joyously surreal, visually vibrant viewing experience."
20170098,"Silence ends Martin Scorsese's decades-long creative quest with a thoughtful, emotionally resonant look at spirituality and human nature that stands among the director's finest works."
20170099,Obit shines an entertaining -- and overdue -- spotlight on an engaging group of people whose singular craft is too often taken for granted.
20170100,Brawl in Cell Block 99 rides a committed Vince Vaughn performance into the brutally violent -- and undeniably entertaining -- depths of prison-set grindhouse genre fare.
20180001,Black Panther elevates superhero cinema to thrilling new heights while telling one of the MCU's most absorbing stories -- and introducing some of its most fully realized characters.
20180002,"Fast, sleek, and fun, Mission: Impossible - Fallout lives up to the ""impossible"" part of its name by setting yet another high mark for insane set pieces in a franchise full of them."
20180003,BlacKkKlansman uses history to offer bitingly trenchant commentary on current events -- and brings out some of Spike Lee's hardest-hitting work in decades along the way.
20180004,"Spider-Man: Into the Spider-Verse matches bold storytelling with striking animation for a purely enjoyable adventure with heart, humor, and plenty of superhero action."
20180005,"With appealing leads, deft direction, and an affecting love story, A Star Is Born is a remake done right -- and a reminder that some stories can be just as effective in the retelling."
20180006,Eighth Grade takes a look at its titular time period that offers a rare and resounding ring of truth while heralding breakthroughs for writer-director Bo Burnham and captivating star Elsie Fisher.
20180007,"Roma finds writer-director Alfonso Cuarón in complete, enthralling command of his visual craft - and telling the most powerfully personal story of his career."
20180008,A Quiet Place artfully plays on elemental fears with a ruthlessly intelligent creature feature that's as original as it is scary -- and establishes director John Krasinski as a rising talent.
20180009,"Deftly directed and laced with dark wit, Can You Ever Forgive Me? proves a compelling showcase for deeply affecting work from Richard E. Grant and Melissa McCarthy."
20180010,"Incredibles 2 reunites Pixar's family crimefighting team for a long-awaited follow-up that may not quite live up to the original, but comes close enough to earn its name."
20180011,"Call Me by Your Name offers a melancholy, powerfully affecting portrait of first love, empathetically acted by Timothée Chalamet and Armie Hammer."
20180012,"The Favourite sees Yorgos Lanthimos balancing a period setting against rich, timely subtext - and getting roundly stellar performances from his well-chosen stars."
20180013,Paddington 2 honors its star's rich legacy with a sweet-natured sequel whose adorable visuals are matched by a story perfectly balanced between heartwarming family fare and purely enjoyable all-ages adventure.
20180014,Leave No Trace takes an effectively low-key approach to a potentially sensationalistic story -- and further benefits from brilliant work by Ben Foster and Thomasin McKenzie.
20180015,Widows rounds up a stellar ensemble for a heist thriller that mixes popcorn entertainment with a message - and marks another artistic leap for director Steve McQueen.
20180016,Won't You Be My Neighbor? takes a fittingly patient and honest look at the life and legacy of a television pioneer whose work has enriched generations.
20180017,"Understated yet ultimately deeply affecting, Shoplifters adds another powerful chapter to director Hirokazu Koreeda's richly humanistic filmography."
20180018,"A lighter, brighter superhero movie powered by the effortless charisma of Paul Rudd and Evangeline Lilly, Ant-Man and The Wasp offers a much-needed MCU palate cleanser."
20180019,"The Death of Stalin finds director/co-writer Arnando Iannucci in riotous form, bringing his scabrous political humor to bear on a chapter in history with painfully timely parallels."
20180020,"With a terrific cast and a surfeit of visual razzle dazzle, Crazy Rich Asians takes a satisfying step forward for screen representation while deftly drawing inspiration from the classic -- and still effective -- rom-com formula."
20180021,"Led by a breakout turn from Amandla Stenberg, the hard-hitting The Hate U Give emphatically proves the YA genre has room for much more than magic and romance."
20180022,"Phantom Thread's finely woven narrative is filled out nicely by humor, intoxicating romantic tension, and yet another impressively committed performance from Daniel Day-Lewis."
20180023,"Fearlessly ambitious, scathingly funny, and thoroughly original, Sorry to Bother You loudly heralds the arrival of a fresh filmmaking talent in writer-director Boots Riley."
20180024,"Avengers: Infinity War ably juggles a dizzying array of MCU heroes in the fight against their gravest threat yet, and the result is a thrilling, emotionally resonant blockbuster that (mostly) realizes its gargantuan ambitions."
20180025,The beautifully stop-motion animated Isle of Dogs finds Wes Anderson at his detail-oriented best while telling one of the director's most winsomely charming stories.
20180026,"Led by strong work from Margot Robbie and Alison Janney, I, Tonya finds the humor in its real-life story without losing sight of its more tragic -- and emotionally resonant -- elements."
20180027,"The Post's period setting belies its bitingly timely themes, brought compellingly to life by director Steven Spielberg and an outstanding ensemble cast."
20180028,First Man uses a personal focus to fuel a look back at a pivotal moment in human history - and takes audiences on a soaring dramatic journey along the way.
20180029,"Hereditary uses its classic setup as the framework for a harrowing, uncommonly unsettling horror film whose cold touch lingers long beyond the closing credits."
20180030,"A well-told story brought to life by a beautifully matched cast, The Old Man & the Gun is pure, easygoing entertainment for film fans - and a fitting farewell to a legend."
20180031,Minding the Gap draws on more than a decade of documentary footage to assemble a poignant picture of young American lives that resonates far beyond its onscreen subjects.
20180032,The Rider's hard-hitting drama is only made more effective through writer-director Chloé Zhao's use of untrained actors to tell the movie's fact-based tale.
20180033,"Surreal and surprising, Three Identical Strangers effectively questions the nature of reality and identity."
20180034,"McQueen offers an intimate, well-sourced, and overall moving look at a young life and brilliant career that were tragically cut short."
20180035,"Subtle and tender, A Fantastic Woman handles its timely, sensitive subject matter with care."
20180036,Summer 1993 (Estiu 1993) finds writer-director Carla Simón drawing on personal memories to create a thoughtful drama elevated by outstanding work from its young leads.
20180037,"Brought to life by delicate work from writer-director Paul Schrader and elevated by a standout performance by Ethan Hawke, First Reformed takes a sensitive and suspenseful look at weighty themes."
20180038,Free Solo depicts athletic feats that many viewers will find beyond reason - and grounds the attempts in passions that are all but universal.
20180039,Burning patiently lures audiences into a slow-burning character study that ultimately rewards the viewer's patience -- and subverts many of their expectations.
20180040,Searching's timely premise and original execution are further bolstered by well-rounded characters brought to life by a talented cast.
20180041,Wildlife's portrait of a family in crisis is beautifully composed by director Paul Dano -- and brought brilliantly to life by a career-best performance from Carey Mulligan.
20180042,"With a brilliantly stark visual aesthetic to match its lean narrative, Cold War doesn't waste a moment of its brief running time -- and doesn't skimp on its bittersweet emotional impact."
20180043,"Shirkers uses one woman's interrogation of a pivotal personal disappointment to offer affecting observations on creativity, lost opportunity, and coming to terms with the past."
20180044,"Though it threatens to buckle under the weight of its meta gags, Deadpool 2 is a gory, gleeful lampoon of the superhero genre buoyed by Ryan Reynolds' undeniable charm."
20180045,Tea with the Dames proves there's plenty of entertainment value to be found in rounding up a quartet of screen legends for a chat -- and is likely to leave audiences wishing these stars would keep brewing up pots for an ongoing series.
20180046,"Thrilling, unpredictable, and brilliantly acted, Border (Gräns) offers a singular treat to genre fans looking for something different."
20180047,"The Tale handles its extraordinarily challenging subject matter with sensitivity, grace, and the power of some standout performances led by a remarkable Laura Dern."
20180048,Loveless uses its riveting portrait of a family in crisis to offer thought-provoking commentary on modern life in Russia -- and the world beyond its borders.
20180049,"Sleek, well-acted, and intelligently crafted, The Guilty is a high-concept thriller that wrings maximum impact out of a handful of basic - and effective - ingredients."
20180050,Annihilation backs up its sci-fi visual wonders and visceral genre thrills with an impressively ambitious -- and surprisingly strange -- exploration of challenging themes that should leave audiences pondering long after the end credits roll.
20180051,"Hannah Gadsby: Nanette brilliantly moves modern comedy into nakedly honest new territory, pivoting from dry humor to raw, powerful storytelling."
20180052,"Steadily drawing viewers into its harrowing tale with equal parts grim intensity and startling compassion, Night Comes On heralds the arrivals of debuting director Jordan Spiro and her magnetic young stars."
20180053,Bumblebee proves it's possible to bring fun and a sense of wonder back to a bloated blockbuster franchise -- and sets up its own slate of sequels in the bargain.
20180054,"RBG might be preaching to the choir of viewers who admire Supreme Court Justice Ruth Bader Ginsberg, but it does so effectively."
20180055,"As timely as it is overall impactful, Blindspotting blends buddy comedy with seething social commentary, and rises on the strength of Daveed Diggs' powerful performance."
20180056,"Bracingly elevated by a typically committed lead performance from Joaquin Phoenix, You Were Never Really Here confirms writer-director Lynne Ramsay as one of modern cinema's most unique -- and uncompromising -- voices."
20180057,"Love, Simon hits its coming-of-age beats more deftly than many entries in this well-traveled genre -- and represents an overdue, if not entirely successful, milestone of inclusion."
20180058,The Ballad of Buster Scruggs avoids anthology pitfalls with a consistent collection tied together by the Coen brothers' signature blend of dark drama and black humor.
20180059,Mandy's gonzo violence is fueled by a gripping performance by Nicolas Cage -- and anchored with palpable emotion conveyed between his volcanic outbursts.
20180060,Zama offers a series of scathingly insightful observations about colonialism and class dynamics -- and satisfyingly ends a long wait between projects from writer-director Lucrecia Martel.
20180061,"In Between takes a light yet nuanced approach to dramatizing complex, timely themes, further enriched by outstanding cinematography and powerful performances."
20180062,"The Cakemaker explores all-consuming emotion with beguiling restraint, adding up to a delicately understated character study fueled by the power of love."
20180063,"Foxtrot uses topical themes to deliver a bruising sociopolitical statement that's equally effective taken simply as an absorbing, well-acted drama."
20180064,Science Fair offers further proof that real-life academic competition can make for effortlessly entertaining - and ultimately uplifting - cinema.
20180065,"Ralph Breaks the Internet levels up on its predecessor with a funny, heartwarming sequel that expands its colorful universe while focusing on core characters and relationships."
20180066,Custody uses formal restraint -- and a series of searing performances -- to take a hard-hitting look at the often painful bond between parents and children.
20180067,"Oh Lucy! roots its narrative quirks in universal themes and deep empathy for its characters, all brought to life by strong performances from a talented cast led by the thoroughly charming Shinobu Terajima."
20180068,Sweet Country makes brilliant use of the Australian outback as the setting for a hard-hitting story that satisfies as a character study as well as a sociopolitical statement.
20180069,"Intimate in scope yet thematically expansive, Hale County This Morning, This Evening draws extraordinary insights out of seemingly ordinary moments."
20180070,"To All the Boys I've Loved Before plays by the teen rom-com rules, but relatable characters and a thoroughly charming cast more than make up for a lack of surprises."
20180071,Ryuichi Sakamoto: Coda takes a thoughtful look at the composer's life and legacy that should prove affecting and illuminating for novices as well as longtime fans.
20180072,"Subversive, gorgeously shot, and suitably visceral, Marlina the Murderer in Four Acts injects timely feminist themes into a neo-western grindhouse framework."
20180073,Leaning Into the Wind offers an alluring introduction to a brilliant artist's utterly original life and work.
20180074,"Pick of the Litter has all the fluffy adorableness audiences expect from a puppy documentary, along with a story that's as edifying as it is heartwarming."
20180075,Rodents of Unusual Size approaches a variety of timely and thought-provoking subjects from fresh angles -- and a lot of surprisingly large creatures in the bargain.
20180076,Thunder Road deftly balances emotionally affecting drama against bruising comedy - and serves as an outstanding calling card for writer-director-star Jim Cummings.
20180077,"Lean on Pete avoids mawkish melodrama, offering an empathetic yet clear-eyed portrayal of a young man at a crossroads that confirms Charley Plummer as a major talent."
20180078,"I Am Not a Witch approaches real-life injustices with a beguiling blend of sorrow, anger, and humor, marking debuting writer-director Rungano Nyoni as an exciting new talent."
20180079,"Western earns the viewer's attention with an unpredictable, patiently told tale that evokes the spirit of the titular genre while adding its own unique touches."
20180080,"As lyrical and bittersweet as the music its subject left behind, Blaze takes a decidedly unconventional -- yet richly rewarding -- approach to the musical biopic."
20180081,"Tully delves into the modern parenthood experience with an admirably deft blend of humor and raw honesty, brought to life by an outstanding performance by Charlize Theron."
20180082,Private Life uses one couple's bumpy journey to take an affecting look at an easily identifiable - and too rarely dramatized - rite of adult passage.
20180083,Filmworker offers long-overdue recognition to one of Stanley Kubrick's key collaborators while opening an often troubling window into the director's demanding work.
20180084,"Beast plays like bleak poetry, unfurling its psychological thrills while guided by its captivating leads and mesmerizing, visceral visuals."
20180085,"American Animals tangles with a number of weighty themes, but never at the expense of delivering a queasily compelling true crime thriller."
20180086,On Her Shoulders traces one woman's incredible journey to offer an inside look at modern political advocacy - and a challenge to viewers yearning to effect their own change.
20180087,"Dark Money does an impressive job of tackling a complicated subject in easily understandable -- and, for many viewers, utterly enraging -- terms."
20180088,"Support the Girls handles serious themes with wit and humor, and provides a strong showcase for Regina Hall and a talented ensemble cast."
20180089,1985 pays tribute to a generation of lost lives with a powerfully made look at how HIV and the social attitudes surrounding homosexuality affect one man's choices.
20180090,"Thoroughly sweet, comfortably familiar, and elevated by the chemistry between Nick Offerman and Kiersey Clemons, Hearts Beat Loud offers feel-good father-daughter drama."
20180091,"Revenge slices and dices genre tropes, working within an exploitation framework while adding a timely -- yet never less than viscerally thrilling -- feminist spin."
20180092,"The Endless benefits from its grounded approach to an increasingly bizarre story, elevated by believable performances by filmmakers Justin Benson and Aaron Moorhead."
20180093,"Creed II's adherence to franchise formula adds up to a sequel with few true surprises, but its time-tested generational themes still pack a solid punch."
20180094,"Capernaum hits hard, but rewards viewers with a smart, compassionate, and ultimately stirring picture of lives in the balance."
20180095,Bisbee '17 offers one town's reckoning with its own history as a compelling argument that the mistakes of the past are truly corrected only when they're faced head on.
20180096,The Guardians proves that the oft-unraveled canvas of World War I still has fresh stories to tell -- and adds another gorgeously filmed entry to Xavier Beauvois' filmography.
20180097,"Smart and suspenseful, CAM is a techno-thriller that's far more than the sum of its salacious parts -- and an outstanding showcase for Madeline Brewer in the leading role."
20180098,"Dreamlike and haunting, We the Animals approaches the coming-of-age odyssey with a uniquely documentarian eye."
20180099,Teen Titans Go! To the Movies distills the enduring appeal of its colorful characters into a charmingly light-hearted adventure whose wacky humor fuels its infectious fun -- and belies a surprising level of intelligence.
20180100,Good Manners adroitly juggles disparate tonal shifts while taking a uniquely smart and sensitive look at female relationships.
20190001,"An urgent, brilliantly layered look at timely social themes, Parasite finds writer-director Bong Joon Ho in near-total command of his craft."
20190002,"Exciting, entertaining, and emotionally impactful, Avengers: Endgame does whatever it takes to deliver a satisfying finale to Marvel's epic Infinity Saga."
20190003,"With Jordan Peele's second inventive, ambitious horror film, we have seen how to beat the sophomore jinx, and it is Us."
20190004,Knives Out sharpens old murder-mystery tropes with a keenly assembled suspense outing that makes brilliant use of writer-director Rian Johnson's stellar ensemble.
20190005,"Heartwarming, funny, and beautifully animated, Toy Story 4 manages the unlikely feat of extending -- and perhaps concluding -- a practically perfect animated saga."
20190006,"An epic gangster drama that earns its extended runtime, The Irishman finds Martin Scorsese revisiting familiar themes to poignant, funny, and profound effect."
20190007,"With a stellar cast and a smart, sensitive retelling of its classic source material, Greta Gerwig's Little Women proves some stories truly are timeless."
20190008,"Fast-paced, funny, and fresh, Booksmart does the seemingly impossible by adding a smart new spin to the coming-of-age comedy."
20190009,"The Farewell deftly captures complicated family dynamics with a poignant, well-acted drama that marries cultural specificity with universally relatable themes."
20190010,"Observing a splintering union with compassion and expansive grace, the powerfully acted Marriage Story ranks among writer-director Noah Baumbach's best works."
20190011,"Much like the beloved TV personality that inspired it, A Beautiful Day in the Neighborhood offers a powerfully affecting message about acceptance and understanding."
20190012,If Beale Street Could Talk honors its source material with a beautifully filmed adaptation that finds director Barry Jenkins further strengthening his visual and narrative craft.
20190013,"A breezily unpredictable blend of teen romance and superhero action, Spider-Man: Far from Home stylishly sets the stage for the next era of the MCU."
20190014,Pain and Glory finds writer-director Pedro Almodóvar drawing on his own life to rewarding effect -- and honoring his craft as only a master filmmaker can.
20190015,"Thrillingly unrestrained yet solidly crafted, Once Upon a Time in Hollywood tempers Tarantino's provocative impulses with the clarity of a mature filmmaker's vision."
20190016,"An effortlessly entertaining blend of humor and heart, Shazam! is a superhero movie that never forgets the genre's real power: joyous wish fulfillment."
20190017,"Edifying and inspiring in equal measure, Apollo 11 uses artfully repurposed archival footage to send audiences soaring back to a pivotal time in American history."
20190018,Ford v Ferrari delivers all the polished auto action audiences will expect -- and balances it with enough gripping human drama to satisfy non-racing enthusiasts.
20190019,"In dramatizing Rudy Ray Moore's stranger-than-fiction story, Eddie Murphy makes Dolemite Is My Name just as bold, brash, and ultimately hard to resist as its subject."
20190020,Uncut Gems reaffirms the Safdies as masters of anxiety-inducing cinema -- and proves Adam Sandler remains a formidable dramatic actor when given the right material.
20190021,"A gripping story brilliantly filmed and led by a pair of powerhouse performances, The Lighthouse further establishes Robert Eggers as a filmmaker of exceptional talent."
20190022,"It's going to be a long, long time before a rock biopic manages to capture the highs and lows of an artist's life like Rocketman."
20190023,"Brilliantly capturing a remarkable performer near the peak of her prodigious power, Amazing Grace is a thrilling must-watch documentary for Aretha Franklin fans."
20190024,"An impressive technical achievement with a walloping emotional impact, They Shall Not Grow Old pays brilliant cinematic tribute to the sacrifice of a generation."
20190025,"Ash Is Purest White finds writer-director Zhangke Jia revisiting familiar themes while continuing to observe modern Chinese society with an urgent, empathetic eye."
20190026,"John Wick: Chapter 3 - Parabellum reloads for another hard-hitting round of the brilliantly choreographed, over-the-top action that fans of the franchise demand."
20190027,"A feelgood adventure brought to life by outstanding performances, The Peanut Butter Falcon finds rich modern resonance in classic American fiction."
20190028,Honeyland uses life in a remote village to offer an eye-opening perspective on experiences that should resonate even for audiences halfway around the world.
20190029,"A galvanizing glimpse behind the scenes of a pivotal election, Knock Down the House should prove engrossing for viewers of all political persuasions."
20190030,Honey Boy serves as an act of cinematic therapy for its screenwriter and subject -- one whose unique perspective should strike a chord in audiences from all backgrounds.
20190031,"Much like the sport it celebrates, Fighting with My Family muscles past clichés with a potent blend of energy and committed acting that should leave audiences cheering."
20190032,"Brainy and bloody in equal measure, One Cut of the Dead reanimates the moribund zombie genre with a refreshing blend of formal daring and clever satire."
20190033,Birds of Passage traces the familiar arc of the drug crime thriller from a different direction that's as visually absorbing as it is hard-hitting.
20190034,"Enthralling viewing even for audiences with little to no knowledge of or interest in sailing, Maiden pays powerful tribute to a true pioneer."
20190035,"As intimate as it is heartbreakingly resonant, For Sama powerfully distills the difficult choices faced by citizens of war-torn regions."
20190036,"The rare trilogy capper that really works, How to Train Your Dragon: The Hidden World brings its saga to a visually dazzling and emotionally affecting conclusion."
20190037,"Understated yet powerful, Driveways is a character study anchored in fundamental decency -- and a poignant farewell to Brian Dennehy."
20190038,"Led by a career-best performance from Jennifer Lopez, Hustlers is a uniquely empowering heist drama with depth and intelligence to match its striking visual appeal."
20190039,"An unpredictable supernatural drama rooted in real-world social commentary, Atlantique suggests a thrillingly bright future for debuting filmmaker Mati Diop."
20190040,Stan & Ollie pays tribute to a pair of beloved entertainers with an affectionate look behind the scenes -- and a moving look at the burdens and blessings of a creative bond.
20190041,"As illuminating as it is accessible, One Child Nation probes a painful chapter in Chinese history with piercing clarity."
20190042,"Observational, insightful, and ultimately powerful, 3 Faces adds another quietly thought-provoking chapter to writer-director Jafar Panahi's filmography."
20190043,"An affecting story powerfully told, The Last Black Man in San Francisco immediately establishes director Joe Talbot as a filmmaker to watch."
20190044,"Treating its timely themes with a deceptively light touch, Woman at War is easy to enjoy in the moment, yet its impact lingers long after the closing credits roll."
20190045,"Darkly funny and impressively ambitious, Chained for Life is as unpredictable as it is original."
20190046,"As narratively urgent as it is technically well-crafted, Midnight Family offers an enthralling and disquieting glimpse of healthcare in modern Mexico."
20190047,"Packed with action, humor, and visual thrills, Captain Marvel introduces the MCU's latest hero with an origin story that makes effective use of the franchise's signature formula."
20190048,"First Love's blend of violence, comedy, and romance might seem disparate -- but for director Takashi Miike, it's just another wildly entertaining entry in a filmography full of them."
20190049,Tigers Are Not Afraid draws on childhood trauma for a story that deftly blends magical fantasy and hard-hitting realism - and leaves a lingering impact.
20190050,The Chambermaid uses one woman's experiences to take audiences inside a life -- and a culture -- that's as bracingly unique as it is hauntingly relatable.
20190051,"A triumphant coda to a beloved series, Deadwood: The Movie will satisfy fans longing for a little f---ing closure."
20190052,Transit lives up to its title with a challenging drama that captures characters - and puts the audience - in a state of flux and exerts an unsettling pull.
20190053,"Brought to life by a breakout performance by Camila Morrone, Mickey and the Bear finds affecting drama at the crossroads of a young woman's coming-of-age journey."
20190054,"Midnight Traveler puts a harrowing personal face on the modern refugee crisis, driving home the heartbreakingly relatable odysseys of the displaced."
20190055,"An encomium that should prove illuminating for casual viewers and satisfying for fans, Varda by Agnès finds a brilliant filmmaker looking back on her own terms."
20190056,"Hail Satan? challenges preconceived notions of its subject with a smart, witty, and overall entertaining dispatch from the front lines of the fight for social justice."
20190057,"Smart, subversive, and darkly funny, Ready or Not is a crowd-pleasing horror film with giddily entertaining bite."
20190058,"Toni Morrison: The Pieces I Am honors its acclaimed subject with a comprehensive, illuminating, and fittingly profound overview of her life and work."
20190059,Ad Astra takes a visually thrilling journey through the vast reaches of space while charting an ambitious course for the heart of the bond between parent and child.
20190060,"Ambitious, impressively crafted, and above all unsettling, Midsommar further proves writer-director Ari Aster is a horror auteur to be reckoned with."
20190061,"Like a life-affirming rock anthem, Blinded by the Light hits familiar chords with confidence and flair, building to a conclusion that leaves audiences cheering for an encore."
20190062,"Led by a standout performance from Ana Brun, The Heiresses takes a thoroughly compelling look at lives little explored by mainstream cinema."
20190063,"There's no shortage of star-is-born stories, but Wild Rose proves they can still be thoroughly entertaining -- and marks its own transcendent moment for lead Jessie Buckley."
20190064,63 Up continues a groundbreaking documentary series with another gently eye-opening look at the human experience.
20190065,"Too Late to Die Young uses one family's experiences as the foundation for a dreamily absorbing drama with a poignant, lingering warmth."
20190066,Beychella forever.
20190067,"Patient in its approach yet stirring in its conviction, By the Grace of God draws soberly gripping cinema from real-life horror."
20190068,"Led by standout work from Tessa Thompson, Little Woods tells a grimly absorbing tale that marks a commendable debut for writer-director Nia DaCosta."
20190069,"A pitch-black thriller with uncommon wit and sophistication, Rojo tells a story as rich and evocative as the deepest shade of its title color."
20190070,"Like the cheekily named store at this documentary's center, Circus of Books proves there are countless stories below the surface if we're only willing to look."
20190071,"Free of visual or narrative embellishments, Gloria Bell rests almost completely on Julianne Moore's performance in the title role -- and she's gloriously up to the task."
20190072,"Dark Waters powerfully relays a real-life tale of infuriating malfeasance, honoring the victims and laying blame squarely at the feet of the perpetrators."
20190073,"The Garden Left Behind draws on one immigrant's journey to offer graceful, thought-provoking commentary on timely sociopolitical themes."
20190074,"Equal parts empathy and outrage, Rosie offers a heartbreaking glimpse of economic insecurity that will hit many viewers uncomfortably close to home."
20190075,The Mustang finds fresh perspectives in a familiar redemption tale brought brilliantly to life by powerful performances from Bruce Dern and Matthias Schoenaerts.
20190076,American Factory takes a thoughtful -- and troubling -- look at the dynamic between workers and employers in the 21st-century globalized economy.
20190077,Fiddler: A Miracle of Miracles takes a delightfully engaging look at the history of a beloved musical and its deep cultural impact.
20190078,Working Woman delivers its timely message with a polemical force that hits hard without overpowering the engrossing story.
20190079,Making Waves: The Art of Cinematic Sound pays an all-too-rare tribute to an aspect of filmmaking that's utterly fascinating but often overlooked.
20190080,"A hard-hitting documentary with imagery as powerful as its message, The Cave poses heartbreakingly urgent questions -- and leaves them for the viewer to answer."
20190081,The Kingmaker aims a disquieting spotlight at the private life of a divisive public figure -- as well as the ways in which unchecked power seduces and corrupts.
20190082,"Using raw materials left behind by its subject, Love, Antosha takes a thoughtful -- and powerful -- look at a life and career cut short."
20190083,"Beautifully animated and utterly unique, I Lost My Body takes audiences on a singularly strange journey whose unexpected contours lead to a wholly satisfying destination."
20190084,"Beautifully filmed and inventively choreographed, Shadow is a thrilling and visually sumptuous wuxia epic that finds director Zhang Yimou near peak form."
20190085,Ray & Liz takes an unflinching look at lives impacted by poverty whose lingering impact is enhanced by writer-director Richard Billingham's refusal to indulge in sentimentality.
20190086,"In Fabric's gauzy giallo allure weaves a surreal spell, blending stylish horror and dark comedy to offer audiences a captivating treat."
20190087,"Be Natural: The Untold Story of Alice Guy-Blaché aims an overdue spotlight on a cinematic innovator's career, with the added benefit of absorbing historical context."
20190088,High Flying Bird takes a thoughtful and engrossing look at professional sports that sees Steven Soderbergh continuing to test the limits of new filmmaking technology.
20190089,"Led by outstanding performances from its well-matched leads, The Two Popes draws absorbing drama from a pivotal moment in modern organized religion."
20190090,"Anchored by an outstanding Hugh Jackman, Bad Education finds absurd laughs -- and a worthy message -- in the aftermath of a real-life scandal."
20190091,"As visually splendid as it is thought-provoking, Monos takes an unsettling look at human nature whose grim insights leave a lingering impact."
20190092,"A B-movie with an A-level commitment to entertain, Harpoon should hit the target with horror fans in the mood for gory, darkly humorous antics on the open water."
20190093,"While it isn't quite as much fun as its predecessor, The LEGO Movie 2: The Second Part fits neatly into an animated all-ages franchise with heart and humor to spare."
20190094,Luce brings a stellar ensemble to bear on a satisfyingly complex story that addresses its timely themes in thought-provoking fashion.
20190095,"As solidly compelling as its subject's best reporting, Mike Wallace Is Here is a worthy tribute and an engrossing look at the changing landscape of modern news."
20190096,"A remarkable debut that sadly serves as its creator's epitaph, An Elephant Sitting Still offers an uncompromisingly grim yet poignant portrait of life in modern China."
20190097,"Jojo Rabbit's blend of irreverent humor and serious ideas definitely won't be to everyone's taste -- but either way, this anti-hate satire is audacious to a fault."
20190098,"Made by a filmmaker in command of her craft and a star perfectly matched with the material, The Souvenir is a uniquely impactful coming of age drama."
20190099,The Kid Who Would Be King recalls classic all-ages adventures -- and repurposes a timeless legend -- for a thoroughly enjoyable new addition to the family movie canon.
20190100,"Like its subject, Ask Dr. Ruth has a breezy charm that's hard to resist -- and a message that's as important as it is entertaining."
20200001,"A singularly rich period piece, Portrait of a Lady on Fire finds stirring, thought-provoking drama within a powerfully acted romance."
20200002,"Hard-hitting, immersive, and an impressive technical achievement, 1917 captures the trench warfare of World War I with raw, startling immediacy."
20200003,"Smart, well-acted, and above all scary, The Invisible Man proves that sometimes, the classic source material for a fresh reboot can be hiding in plain sight."
20200004,"Powerfully acted and directed, Never Rarely Sometimes Always reaffirms writer-director Eliza Hittman as a filmmaker of uncommon sensitivity and grace."
20200005,"Clever, funny, and original, Blow the Man Down is a cinematic journey that's not to be missed."
20200006,"It may suffer in comparison to Pixar's classics, but Onward makes effective use of the studio's formula -- and stands on its own merits as a funny, heartwarming, dazzlingly animated adventure."
20200007,"As entertaining as it is inspiring, Crip Camp uses one group's remarkable story to highlight hope for the future and the power of community."
20200008,"A horror/rom-com hybrid that somehow manages to blend its ingredients without losing their flavor, Extra Ordinary more than lives up to its title."
20200009,Slay the Dragon takes a suitably outraged -- but ultimately optimistic -- look at modern-day gerrymandering that doubles as a heartfelt call to action.
20200010,On the Record uses harrowing first-person accounts to powerfully and persuasively confront the entrenched sexism of an industry and its culture.
20200011,"Led by a powerhouse performance from Julia Garner, The Assistant offers a withering critique of workplace harassment and systemic oppression."
20200012,First Cow finds director Kelly Reichardt revisiting territory and themes that will be familiar to fans of her previous work -- with typically rewarding results.
20200013,"Rigorous and beautifully composed, Vitalina Varela is a quietly absorbing drama whose placid surface belies hidden depths."
20200014,"Led by an impressive performance from Bartosz Bielenia, Corpus Christi thoughtfully and engagingly examines questions of faith and redemption."
20200015,"As wickedly smart as it is energetic, Why Don't You Just Die! should satisfy audiences in the mood for a gore-soaked good time."
20200016,"For viewers in search of an uncommonly smart, tender, and funny coming-of-age story, The Half of It has everything."
20200017,"Come As You Are approaches sensitive subjects with heart and humor, taking audiences on a thoroughly entertaining road trip to a crowd-pleasing destination."
20200018,Lucky Grandma gives Tsai Chin a long-overdue opportunity to shine in a leading role -- but it's audiences who are the truly fortunate ones.
20200019,"An engrossing sci-fi thriller that transcends its period trappings, The Vast of Night suggests great things for debuting director Andrew Patterson."
20200020,The Painter and the Thief uses the unlikely bond between a criminal and his victim as the canvas for a compelling portrait of compassion and forgiveness.
20200021,A Shaun the Sheep Movie: Farmageddon retains the charm of its small-screen source material while engagingly expanding the title character's world.
20200022,"Saint Frances approaches an array of weighty issues with empathy, humor, and grace -- and marks star and writer Kelly O'Sullivan as a tremendous talent to watch."
20200023,"Here's a Beastie Boys Story they had to tell, about three bad brothers you know so well. It started way back in history -- and for new or old fans, it's a must-see."
20200024,"With a fresh perspective, some new friends, and loads of fast-paced action, Birds of Prey captures the colorfully anarchic spirit of Margot Robbie's Harley Quinn."
20200025,"A satisfyingly dark noir elevated by stellar acting and a sharp screenplay, Blood on Her Name thrills in the moment and lingers in the memory."
20200026,"The Personal History of David Copperfield puts a fresh, funny, and utterly charming spin on Dickens' classic, proving some stories truly are timeless."
20200027,"Formally thrilling and narratively daring, Bacurau draws on modern Brazilian sociopolitical concerns to deliver a hard-hitting, genre-blurring drama."
20200028,"Led by strong performances from Lesley Manville and Liam Neeson, Ordinary Love wrings heartrending drama out of one couple's medical travails."
20200029,"Other adaptations may do a better job of consistently capturing the spirit of the classic source material, but Jane Austen fans should still find a solid match in this Emma."
20200030,"Just Mercy dramatizes a real-life injustice with solid performances, a steady directorial hand, and enough urgency to overcome a certain degree of earnest advocacy."
20200031,"A White, White Day plunges viewers into the darkness of grief and jealousy, led by Ingvar Eggert Sigurðsson's brilliantly layered performance."
20200032,"It may not get as personal as some viewers might have hoped, but Becoming offers an uplifting look at a pivotal moment in its subject's public life."
20200033,Premature transcends its familiar trappings with sharp dialogue and a strong sense of setting that further establish Rashaad Ernesto Green as a gifted filmmaker.
20200034,Miss Americana provides an engaging if somewhat deliberately opaque backstage look at a pop star turned cultural phenomenon.
20200035,"Led by an outstanding performance from Levan Gelbakhiani, And Then We Danced defeats prejudice with overwhelming compassion."
20200036,"Beautifully animated and narratively engaging, Weathering with You further establishes writer-director Makoto Shinkai as a singularly talented filmmaker."
20200037,"Filmed with impressive skill and brought to life by unforgettable performances, Beanpole takes a heartbreakingly empathetic look at lives shattered by war."
20200038,"Smart and stylish, The Wild Goose Lake blends B-movie thrills with bold filmmaking choices and thought-provoking social commentary."
20200039,"Steered by a pair of powerful lead performances, End of Sentence is a road trip movie that takes audiences on a satisfying emotional journey."
20200040,"Sorry We Missed You may strike some as tending toward the righteously didactic, but director Ken Loach's passionate approach remains effective."
20200041,"A welcome return for director Richard Stanley, Color Out of Space mixes tart B-movie pulp with visually alluring Lovecraftian horror and a dash of gonzo Nicolas Cage."
20200042,"Like a good wine, once you let Uncorked breathe, its heartfelt tenderness will yield a sweet time."
20200043,"A message movie admirable for its subtlety as well as its execution, The Perfect Candidate faces oppression and powerfully advocates for change."
20200044,"Elevated by outstanding work from Elisabeth Moss, Shirley pays tribute to its subject's pioneering legacy with a biopic that ignores the commonly accepted boundaries of the form."
20200045,"An intimate two-hander anchored by a pair of well-matched actors, Bull takes an achingly empathetic look at life on the economic margins."
20200046,"The Trip to Greece sees this series subject to the laws of diminishing returns, but Rob Brydon and Steve Coogan remain reliably enjoying company."
20200047,"A smart, well-acted, and refreshingly messy coming-of-age story, Selah and the Spades suggests a bright future for debuting writer-director Tayarisha Poe."
20200048,Swallow's unconventional approach to exploring domestic ennui is elevated by a well-told story and Haley Bennett's powerful leading performance.
20200049,"A boldly provocative, timely thriller, Promising Young Woman is an auspicious feature debut for writer-director Emerald Fennell -- and a career highlight for Carey Mulligan."
20200050,"A Good Woman Is Hard to Find, but it isn't difficult to see a star in the making while watching Sarah Bolger's powerful performance in this gritty thriller."
20200051,"An appealing animated adventure whose silliness is anchored in genuine emotion, The Willoughbys offers fanciful fun the entire family can enjoy."
20200052,Spaceship Earth achieves liftoff as an engaging behind-the-scenes record of an audacious experiment -- and settles into orbit as poignant proof of the power of a shared dream.
20200053,The Way Back's occasionally frustrating treatment of a formulaic story is often outweighed by Ben Affleck's outstanding work in the central role.
20200054,Les Misérables transcends its unwieldy story with compelling ideas and an infectious energy that boils over during a thrilling final act.
20200055,Zola captures the stranger-than-fiction appeal of the viral Twitter thread that inspired it -- and announces director/co-writer Janicza Bravo as a filmmaker to watch.
20200056,Banana Split serves up a sweet comedic dish that serves as a delightful calling card for co-writer and star Hannah Marks.
20200057,"Bloody horror with barbed wit, Come to Daddy anchors its brutal violence in a surprisingly mature approach to provocative themes."
20200058,"Loaded up with action and a double helping of leading-man charisma, Bad Boys for Life reinvigorates this long-dormant franchise by playing squarely to its strengths."
20200059,"If the strain of its ambitious juggling act sometimes shows, Zombi Child remains an entertainingly audacious experience, enlivened with thought-provoking themes."
20200060,"The Truth may not stand with Hirokazu Kore-eda's best work, but it finds the writer-director revisiting familiar themes with a typically sensitive touch."
20200061,"If Sea Fever never quite heats up as much as it could, it remains an engrossing, well-acted sci-fi thriller with effective horror elements."
20200062,"Led by a daring performance from Jean Dujardin, Deerskin finds writer-director Quentin Dupieux working in a more accessible -- yet still distinctive -- vein."
20200063,"Like the grieving Scrabble enthusiast at the heart of its unique story, Sometimes Always Never scores high enough to be well worth a play."
20200064,"The Whistlers finds writer-director Corneliu Porumboiu working in a more crowd-pleasing vein than previous efforts, with thoroughly entertaining results."
20200065,"It may not win writer-director Guy Ritchie many new converts, but for those already attuned to the filmmaker's brash wavelength, The Gentlemen stands tall."
20200066,"Funny, heartfelt, and brought to life by a smartly assembled ensemble, Big Time Adolescence finds fresh pleasures in the crowded coming-of-age genre."
20200067,"While it doesn't probe particularly far below the surface of its central character, The Traitor tells its fact-based story with enough energy to entertain."
20200068,"A familiar story entertainingly told, Standing Up, Falling Down is elevated by the warm chemistry between Billy Crystal and Ben Schwartz."
20200069,"Judy & Punch revisits classic characters from a fresh perspective, marking debuting writer-director Mirrah Foulkes as a filmmaking talent to watch."
20200070,"Inviting viewers into a fascinating world of bibliophiles, The Booksellers is a documentary that's easy to curl up and get lost in."
20200071,"Its unusual approach won't be for all viewers, but True History of the Kelly Gang takes a distinctively postmodern look at Australia's past."
20200072,"1BR's occasionally ordinary storytelling is more than outweighed by tight direction, interesting ideas, and an effective blend of horror and thoughtful drama."
20200073,"Led by Beanie Feldstein's charming performance, How to Build a Girl puts a disarmingly earnest spin on the familiar coming-of-age comedy formula."
20200074,"Once Were Brothers my frustrate Band fans looking for a less narrowly focused overview, but the group's music and history remain as engrossing as ever."
20200075,"Uneven yet revealing, Tigertail offers a well-acted -- and ultimately valuable -- look at the immigrant experience in America."
20200076,"Its reach may occasionally exceed its grasp, but To the Stars uses its period setting as an effective backdrop for an insightful look at female friendship."
20200077,"VFW's solid cast, deft direction, and surprisingly weighty subtext add extra heft to a gory thriller that should hold buckets of sanguine appeal for grindhouse fans."
20200078,"VHYes is a unique film for specific tastes -- and a rare, albeit grimy gift for viewers who can appreciate its retro aesthetic and absurd humor."
20200079,"Led by an impressive Riley Keough performance, The Lodge should prove a suitably unsettling destination for fans of darkly atmospheric horror."
20200080,The Banker's timid approach to dramatizing its fact-based story is often outweighed by the trio of strong performances at its core.
20200081,"Like a favorite song you know by heart, Military Wives offers few surprises -- but its pleasures are no less formidable for their familiarity."
20200082,"Gorgeous visuals, an affecting love story, and simmering chemistry between Issa Rae and Lakeith Stanfield keep The Photograph solidly in focus."
20200083,"This late-capitalism comedy is undeniably uneven, but Zoey Deutch's effervescent performance gives Buffaloed wings."
20200084,"Vivarium may confound almost as often as it intrigues, but this well-acted sci-fi/horror hybrid has interesting ideas -- and explores them with style."
20200085,"To All the Boys: P.S. I Still Love You may feel like little more than an amiable postscript to its predecessor, but fans of the original should still find this a swoonworthy sequel."
20200086,"The High Note doesn't quite soar above rom-com formula, but audiences seeking some comfort viewing should find themselves solidly in harmony with this well-acted genre entry."
20200087,Spectacular stunt work and an electric performance from Chris Hemsworth can't save Extraction from being dragged down by its aimless violence.
20200088,The Wretched stirs up a savory blend of witch-in-the-woods horror ingredients that should leave genre fans hungry for a second helping from writer-directors Brett and Drew T. Pierce.
20200089,"A fun follow-up for fans of the original, Trolls World Tour offers a second helping of colorful animation, infectious energy, and sing-along songs."
20200090,"Smartly directed by Malgorzata Szumowska, The Other Lamb uses a young woman's coming-of-age story to explore the powerful hold cults can have on their followers."
20200091,"Fittingly fleet and frequently fun, Sonic the Hedgehog is a video game-inspired adventure the whole family can enjoy -- and a fine excuse for Jim Carrey to tap into the manic energy that launched his career."
20200092,"Raw yet rewarding, Lost Girls overcomes uneven storytelling with powerful performances and a willingness to resist easy catharsis."
20200093,"Horse Girl proves unwilling or unable to explore the deeper themes it addresses, but this unusual drama is anchored by Alison Brie's committed performance."
20200094,"Its puerile premise invites low expectations, but viewers who sit down in search of boldly humorous provocations won't leave Butt Boy brokenhearted."
20200095,"If the breezily enjoyable The Lovebirds feels like a little less than the sum of its parts, it's still an enjoyable showcase for the talents of its well-matched stars."
20200096,"We Summon the Darkness makes the most of its rather pedestrian plot with palpable affection for genre formula, an appealing cast, and a sharp sense of humor."
20200097,"It's undermined by distracting and unnecessary CGI, but this heartwarming Call of the Wild remains a classic story, affectionately retold."
20200098,"Even if it's mainly distinguished by its unique setting, Olympic Dreams remains a romcom with a heartfelt story and likable leads."
20200099,"Human Capital merely rumbles when it ought to roar to life, but it remains a solidly made opportunity for a strong cast to highlight its impressive talents."
20200100,"Gretel & Hansel's rich visuals satisfy, even if this adaptation of a classic fairytale gets a little lost in the woods on the storytelling front."