20170001,Comedy
20170001,Drama
20170002,Horror
20170002,Mystery & Suspense
20170003,Action & Adventure
20170003,Drama
20170003,Science Fiction & Fantasy
20170004,Action & Adventure
20170004,Drama
20170005,Action & Adventure
20170005,Animation
20170005,Comedy
20170005,Kids & Family
20170006,Action & Adventure
20170006,Science Fiction & Fantasy
20170006,Drama
20170007,Science Fiction & Fantasy
20170007,Drama
20170007,Romance
20170008,Action & Adventure
20170008,Science Fiction & Fantasy
20170008,Drama
20170009,Comedy
20170009,Romance
20170010,Action & Adventure
20170010,Science Fiction & Fantasy
20170010,Drama
20170011,Action & Adventure
20170011,Drama
20170012,Action & Adventure
20170012,Drama
20170012,Science Fiction & Fantasy
20170013,Drama
20170014,Action & Adventure
20170014,Drama
20170014,Science Fiction & Fantasy
20170015,Documentary
20170016,Comedy
20170016,Drama
20170017,Drama
20170018,Action & Adventure
20170018,Drama
20170018,Science Fiction & Fantasy
20170019,Comedy
20170020,Drama
20170021,Art House & International
20170021,Documentary
20170022,Animation
20170022,Art House & International
20170022,Kids & Family
20170023,Art House & International
20170023,Drama
20170023,Mystery & Suspense
20170024,Comedy
20170025,Action & Adventure
20170025,Animation
20170025,Comedy
20170025,Kids & Family
20170026,Art House & International
20170026,Drama
20170027,Art House & International
20170027,Drama
20170027,Romance
20170028,Documentary
20170029,Drama
20170029,Comedy
20170030,Action & Adventure
20170030,Comedy
20170030,Science Fiction & Fantasy
20170031,Drama
20170032,Animation
20170032,Drama
20170032,Romance
20170033,Documentary
20170034,Drama
20170035,Documentary
20170036,Drama
20170037,Documentary
20170038,Documentary
20170039,Documentary
20170040,Art House & International
20170040,Drama
20170040,Comedy
20170041,Documentary
20170042,Art House & International
20170042,Drama
20170043,Drama
20170043,Horror
20170043,Mystery & Suspense
20170044,Documentary
20170045,Action & Adventure
20170045,Drama
20170046,Drama
20170047,Art House & International
20170047,Drama
20170048,Documentary
20170049,Documentary
20170050,Documentary
20170051,Horror
20170052,Animation
20170052,Art House & International
20170053,Animation
20170053,Art House & International
20170053,Drama
20170054,Drama
20170054,Comedy
20170055,Art House & International
20170055,Drama
20170056,Documentary
20170057,Documentary
20170058,Documentary
20170059,Art House & International
20170059,Drama
20170060,Documentary
20170061,Drama
20170062,Art House & International
20170062,Drama
20170062,Comedy
20170063,Art House & International
20170063,Mystery & Suspense
20170064,Documentary
20170065,Animation
20170065,Drama
20170065,Kids & Family
20170066,Art House & International
20170066,Drama
20170066,Romance
20170066,Sports & Fitness
20170067,Drama
20170067,Mystery & Suspense
20170068,Drama
20170068,Comedy
20170068,Sports & Fitness
20170069,Drama
20170070,Drama
20170071,Drama
20170071,Comedy
20170072,Documentary
20170073,Horror
20170073,Drama
20170074,Documentary
20170075,Art House & International
20170075,Drama
20170075,Comedy
20170076,Art House & International
20170076,Drama
20170077,Drama
20170077,Comedy
20170078,Art House & International
20170078,Drama
20170078,Mystery & Suspense
20170078,Science Fiction & Fantasy
20170079,Action & Adventure
20170079,Drama
20170079,Mystery & Suspense
20170080,Drama
20170080,Comedy
20170080,Kids & Family
20170080,Science Fiction & Fantasy
20170081,Action & Adventure
20170081,Drama
20170082,Documentary
20170083,Drama
20170083,Comedy
20170083,Romance
20170084,Art House & International
20170084,Drama
20170085,Art House & International
20170085,Drama
20170086,Mystery & Suspense
20170086,Drama
20170087,Drama
20170088,Action & Adventure
20170088,Science Fiction & Fantasy
20170088,Drama
20170089,Documentary
20170090,Documentary
20170091,Documentary
20170092,Documentary
20170093,Documentary
20170094,Art House & International
20170094,Drama
20170094,Romance
20170095,Art House & International
20170095,Drama
20170096,Art House & International
20170096,Drama
20170096,Comedy
20170097,Art House & International
20170097,Science Fiction & Fantasy
20170097,Drama
20170098,Drama
20170099,Documentary
20170100,Action & Adventure
20170100,Mystery & Suspense
20180001,Action & Adventure
20180001,Science Fiction & Fantasy
20180001,Drama
20180002,Action & Adventure
20180002,Mystery & Suspense
20180002,Drama
20180003,Comedy
20180003,Drama
20180004,Action & Adventure
20180004,Animation
20180004,Kids & Family
20180004,Science Fiction & Fantasy
20180005,Drama
20180006,Comedy
20180007,Drama
20180008,Drama
20180008,Horror
20180008,Mystery & Suspense
20180009,Drama
20180009,Comedy
20180010,Action & Adventure
20180010,Animation
20180010,Kids & Family
20180011,Drama
20180011,Romance
20180012,Drama
20180013,Animation
20180013,Comedy
20180013,Kids & Family
20180014,Drama
20180015,Drama
20180016,Documentary
20180017,Art House & International
20180017,Drama
20180018,Action & Adventure
20180018,Comedy
20180018,Science Fiction & Fantasy
20180019,Drama
20180019,Comedy
20180020,Comedy
20180021,Drama
20180022,Drama
20180022,Science Fiction & Fantasy
20180023,Drama
20180024,Action & Adventure
20180024,Science Fiction & Fantasy
20180025,Action & Adventure
20180025,Animation
20180025,Comedy
20180026,Drama
20180027,Drama
20180027,Mystery & Suspense
20180028,Drama
20180029,Drama
20180029,Horror
20180030,Drama
20180031,Documentary
20180032,Drama
20180033,Documentary
20180034,Documentary
20180035,Art House & International
20180035,Drama
20180036,Art House & International
20180036,Drama
20180037,Drama
20180038,Documentary
20180039,Art House & International
20180039,Drama
20180039,Mystery & Suspense
20180040,Mystery & Suspense
20180041,Drama
20180042,Drama
20180042,Romance
20180043,Documentary
20180044,Documentary
20180045,Action & Adventure
20180045,Comedy
20180046,Art House & International
20180046,Mystery & Suspense
20180046,Science Fiction & Fantasy
20180046,Romance
20180047,Drama
20180048,Art House & International
20180048,Drama
20180049,Drama
20180049,Mystery & Suspense
20180050,Comedy
20180051,Action & Adventure
20180051,Drama
20180051,Science Fiction & Fantasy
20180052,Drama
20180053,Action & Adventure
20180053,Science Fiction & Fantasy
20180054,Documentary
20180055,Drama
20180055,Comedy
20180056,Mystery & Suspense
20180056,Drama
20180057,Drama
20180058,Drama
20180058,Western
20180059,Action & Adventure
20180059,Mystery & Suspense
20180060,Drama
20180061,Drama
20180062,Drama
20180063,Animation
20180063,Comedy
20180063,Kids & Family
20180063,Science Fiction & Fantasy
20180064,Documentary
20180065,Drama
20180066,Drama
20180067,Drama
20180067,Comedy
20180068,Action & Adventure
20180068,Art House & International
20180068,Drama
20180069,Documentary
20180070,Drama
20180070,Romance
20180071,Documentary
20180072,Art House & International
20180072,Mystery & Suspense
20180072,Drama
20180073,Documentary
20180074,Art House & International
20180074,Documentary
20180075,Documentary
20180076,Drama
20180076,Comedy
20180077,Drama
20180078,Art House & International
20180078,Drama
20180079,Art House & International
20180079,Drama
20180080,Drama
20180081,Comedy
20180082,Drama
20180083,Art House & International
20180083,Documentary
20180084,Drama
20180085,Comedy
20180085,Mystery & Suspense
20180085,Drama
20180086,Documentary
20180087,Comedy
20180088,Documentary
20180089,Action & Adventure
20180089,Mystery & Suspense
20180090,Drama
20180091,Horror
20180091,Mystery & Suspense
20180091,Science Fiction & Fantasy
20180092,Drama
20180093,Action & Adventure
20180093,Drama
20180093,Sports & Fitness
20180094,Documentary
20180094,Western
20180095,Art House & International
20180095,Drama
20180096,Horror
20180096,Mystery & Suspense
20180097,Drama
20180098,Action & Adventure
20180098,Animation
20180098,Kids & Family
20180099,Drama
20180100,Art House & International
20180100,Horror
20180100,Science Fiction & Fantasy
20190001,Art House & International
20190001,Drama
20190002,Action & Adventure
20190002,Science Fiction & Fantasy
20190002,Drama
20190003,Horror
20190003,Mystery & Suspense
20190004,Drama
20190004,Mystery & Suspense
20190005,Animation
20190005,Comedy
20190005,Kids & Family
20190005,Science Fiction & Fantasy
20190006,Drama
20190006,Mystery & Suspense
20190007,Drama
20190008,Comedy
20190009,Drama
20190009,Comedy
20190010,Drama
20190011,Drama
20190012,Action & Adventure
20190012,Science Fiction & Fantasy
20190013,Drama
20190013,Romance
20190014,Drama
20190014,Comedy
20190015,Drama
20190016,Action & Adventure
20190016,Science Fiction & Fantasy
20190017,Documentary
20190018,Action & Adventure
20190018,Drama
20190019,Drama
20190020,Drama
20190021,Drama
20190021,Horror
20190021,Science Fiction & Fantasy
20190022,Drama
20190023,Documentary
20190023,Musical & Performing Arts
20190024,Art House & International
20190024,Documentary
20190025,Drama
20190025,Romance
20190026,Action & Adventure
20190026,Drama
20190027,Action & Adventure
20190027,Drama
20190028,Documentary
20190029,Documentary
20190030,Drama
20190031,Comedy
20190032,Art House & International
20190032,Comedy
20190032,Horror
20190033,Drama
20190034,Documentary
20190035,Documentary
20190036,Action & Adventure
20190036,Animation
20190036,Kids & Family
20190037,Documentary
20190038,Drama
20190038,Romance
20190039,Drama
20190040,Drama
20190040,Comedy
20190041,Drama
20190042,Documentary
20190042,Documentary
20190043,Drama
20190044,Action & Adventure
20190044,Art House & International
20190044,Mystery & Suspense
20190046,Documentary
20190047,Action & Adventure
20190047,Science Fiction & Fantasy
20190048,Action & Adventure
20190048,Drama
20190048,Mystery & Suspense
20190049,Art House & International
20190049,Drama
20190050,Art House & International
20190050,Drama
20190050,Horror
20190050,Science Fiction & Fantasy
20190051,Drama
20190051,Western
20190052,Drama
20190053,Documentary
20190054,Art House & International
20190054,Drama
20190055,Documentary
20190056,Documentary
20190057,Horror
20190057,Mystery & Suspense
20190058,Documentary
20190059,Mystery & Suspense
20190059,Science Fiction & Fantasy
20190060,Horror
20190061,Comedy
20190061,Drama
20190062,Drama
20190063,Comedy
20190063,Drama
20190064,Documentary
20190065,Art House & International
20190065,Drama
20190066,Documentary
20190066,Musical & Performing Arts
20190067,Drama
20190068,Drama
20190069,Drama
20190069,Mystery & Suspense
20190070,Documentary
20190070,Documentary
20190071,Romance
20190071,Comedy
20190072,Drama
20190073,Drama
20190074,Drama
20190074,Gay & Lesbian
20190075,Drama
20190076,Documentary
20190077,Drama
20190078,Documentary
20190079,Documentary
20190080,Documentary
20190081,Documentary
20190082,Comedy
20190082,Drama
20190083,Animation
20190083,Drama
20190083,Science Fiction & Fantasy
20190084,Action & Adventure
20190084,Art House & International
20190084,Drama
20190085,Art House & International
20190085,Drama
20190086,Drama
20190087,Documentary
20190088,Comedy
20190088,Horror
20190089,Drama
20190090,Documentary
20190091,Drama
20190092,Art House & International
20190092,Comedy
20190092,Horror
20190093,Animation
20190093,Comedy
20190094,Drama
20190094,Mystery & Suspense
20190095,Art House & International
20190095,Drama
20190096,Comedy
20190096,Drama
20190097,Drama
20190098,Documentary
20190099,Action & Adventure
20190099,Kids & Family
20190099,Science Fiction & Fantasy
20190100,Documentary
20200001,Drama
20200002,Drama
20200003,Horror
20200003,Mystery & Suspense
20200003,Science Fiction & Fantasy
20200004,Drama
20200005,Comedy
20200005,Drama
20200005,Mystery & Suspense
20200006,Action & Adventure
20200006,Animation
20200006,Kids & Family
20200006,Science Fiction & Fantasy
20200007,Documentary
20200008,Action & Adventure
20200008,Romance
20200008,Comedy
20200008,Mystery & Suspense
20200009,Documentary
20200010,Drama
20200011,Drama
20200011,Mystery & Suspense
20200012,Drama
20200013,Drama
20200014,Art House & International
20200014,Comedy
20200014,Drama
20200014,Mystery & Suspense
20200015,Documentary
20200016,Comedy
20200016,Romance
20200017,Comedy
20200018,Animation
20200018,Comedy
20200019,Comedy
20200019,Drama
20200019,Romance
20200020,Action & Adventure
20200021,Drama
20200021,Mystery & Suspense
20200022,Drama
20200023,Drama
20200023,Mystery & Suspense
20200024,Drama
20200025,Comedy
20200025,Drama
20200026,Documentary
20200027,Drama
20200028,Documentary
20200029,Drama
20200029,Romance
20200030,Documentary
20200031,Drama
20200031,Romance
20200032,Action & Adventure
20200032,Animation
20200032,Anime & Manga
20200032,Art House & International
20200032,Science Fiction & Fantasy
20200032,Romance
20200033,Drama
20200034,Drama
20200035,Horror
20200035,Science Fiction & Fantasy
20200036,Drama
20200037,Drama
20200038,Drama
20200039,Drama
20200039,Mystery & Suspense
20200040,Mystery & Suspense
20200040,Science Fiction & Fantasy
20200041,Drama
20200042,Drama
20200043,Comedy
20200044,Drama
20200044,Mystery & Suspense
20200045,Drama
20200045,Mystery & Suspense
20200046,Comedy
20200047,Animation
20200047,Comedy
20200047,Kids & Family
20200048,Drama
20200049,Documentary
20200050,Drama
20200050,Mystery & Suspense
20200051,Drama
20200052,Comedy
20200052,Drama
20200052,Mystery & Suspense
20200053,Action & Adventure
20200053,Comedy
20200054,Drama
20200055,Drama
20200055,Science Fiction & Fantasy
20200056,Horror
20200056,Science Fiction & Fantasy
20200057,Drama
20200057,Comedy
20200057,Mystery & Suspense
20200058,Comedy
20200059,Comedy
20200060,Action & Adventure
20200060,Comedy
20200061,Drama
20200061,Comedy
20200062,Comedy
20200063,Documentary
20200064,Drama
20200065,Drama
20200066,Comedy
20200067,Documentary
20200068,Drama
20200069,Action & Adventure
20200069,Horror
20200070,Comedy
20200071,Horror
20200072,Drama
20200073,Drama
20200074,Drama
20200075,Comedy
20200075,Drama
20200076,Comedy
20200076,Drama
20200076,Romance
20200077,Comedy
20200078,Drama
20200078,Mystery & Suspense
20200079,Drama
20200079,Romance
20200080,Horror
20200081,Action & Adventure
20200081,Drama
20200081,Mystery & Suspense
20200082,Animation
20200082,Comedy
20200083,Drama
20200084,Action & Adventure
20200084,Comedy
20200085,Drama
20200085,Mystery & Suspense
20200086,Comedy
20200086,Drama
20200086,Science Fiction & Fantasy
20200087,Comedy
20200087,Mystery & Suspense
20200087,Science Fiction & Fantasy
20200088,Action & Adventure
20200088,Drama
20200089,Comedy
20200089,Romance
20200090,Comedy
20200090,Romance
20200090,Drama
20200091,Drama
20200092,Horror
20200092,Mystery & Suspense
20200093,Horror
20200093,Mystery & Suspense
20200093,Science Fiction & Fantasy
20200094,Comedy
20200094,Drama
20200095,Action & Adventure
20200095,Horror
20200095,Mystery & Suspense
20200096,Drama
20200097,Drama
20200098,Drama
20200099,Action & Adventure
20200099,Drama
20200099,Mystery & Suspense
20200100,Comedy
20200100,Musical & Performing Arts